아이디,가입일
yb85722112,2025-10-02
yb38288157,2025-10-02
yb24336796,2025-09-24
yb35019774,2025-09-18
ds28052912,2025-09-12
yb85035646,2025-09-11
wc54176251,2025-09-09
wc55487718,2025-09-04
sg35508390,2025-09-03
ds50526541,2025-09-03
ds90817994,2025-08-27
ds88589675,2025-08-27
wc31672413,2025-08-20
ce63517306,2025-08-16
dn93035804,2025-08-04
wc23903131,2025-07-31
ds92109650,2025-07-31
dj41442105,2025-07-30
dj95127206,2025-07-28
dj24349897,2025-07-28
dj53309981,2025-07-28
dj48474562,2025-07-25
dj54037436,2025-07-23
ky64293880,2025-07-21
dj31411179,2025-07-17
as52770361,2025-07-14
ng65258521,2025-07-09
ns66477036,2025-07-09
wc22711735,2025-07-09
dn83821734,2025-07-02
dn55041000,2025-07-02
yb28036898,2025-06-24
wc41664405,2025-06-24
wc26958511,2025-06-17
gw93667717,2025-06-17
ys37254048,2025-06-16
gw65770721,2025-06-11
gw99060877,2025-06-11
wc53563931,2025-06-09
ss32171400,2025-06-05
yb83400589,2025-06-05
yb85894136,2025-06-02
gj80109543,2025-06-02
dn88999141,2025-05-30
dn22437828,2025-05-30
sg55236966,2025-05-29
sg28195117,2025-05-27
gj84712504,2025-05-26
yb28185369,2025-05-23
br68062417,2025-05-22
dn71999725,2025-05-22
wc23130342,2025-05-22
wc45967577,2025-05-21
gj54787523,2025-05-21
gj76391337,2025-05-21
gw85399608,2025-05-20
gj24784009,2025-05-19
dn56729911,2025-05-16
sg25523655,2025-05-16
cw34739825,2025-05-15
dn51465886,2025-05-15
hs22117714,2025-05-15
cw34937577,2025-05-15
dn31878863,2025-05-14
dn93542693,2025-05-14
dn44240559,2025-05-13
gw62249768,2025-05-13
gw45489768,2025-05-13
gw38110181,2025-05-13
ss40808901,2025-05-12
ss46424031,2025-05-12
dn22707836,2025-05-12
cw87515733,2025-05-09
hs53865412,2025-05-09
br54256463,2025-05-07
ys49108289,2025-05-06
sk49227918,2025-05-05
cw88047815,2025-05-02
wc75563902,2025-05-02
ss54534664,2025-05-02
wc50316984,2025-05-02
wc63516984,2025-05-02
gw71739411,2025-04-30
gw25640359,2025-04-30
ky27040744,2025-04-30
gw83746788,2025-04-29
gw82882429,2025-04-29
gw72482598,2025-04-29
ss55588734,2025-04-29
gw65352539,2025-04-29
gw38229310,2025-04-29
hs38067409,2025-04-25
sk94657998,2025-04-25
gw42951002,2025-04-25
hs40445062,2025-04-25
br41440283,2025-04-25
gj40129544,2025-04-24
gj88370865,2025-04-24
gj22650865,2025-04-24
gj24100865,2025-04-24
ys71359760,2025-04-24
ys50044855,2025-04-24
dk77228150,2025-04-24
dk46927921,2025-04-24
dk24250644,2025-04-24
dk39748282,2025-04-24
dk79389876,2025-04-24
hs73181497,2025-04-24
sk31150201,2025-04-23
gj94011953,2025-04-23
gj54265418,2025-04-23
gj58745261,2025-04-22
sk51497773,2025-04-21
yb57501656,2025-04-21
as20255792,2025-04-21
ys54225511,2025-04-19
ys88008175,2025-04-18
ys68612030,2025-04-18
ta95950125,2025-04-17
wc53715318,2025-04-17
as98043211,2025-04-17
cw73841278,2025-04-16
as66889529,2025-04-16
as63842105,2025-04-15
yb67871086,2025-04-15
yb45042025,2025-04-14
sk63485833,2025-04-14
as29821028,2025-04-14
dj74125846,2025-04-14
sk99748883,2025-04-13
sk99869991,2025-04-13
sk93847569,2025-04-13
sc30786404,2025-04-11
gj64254954,2025-04-11
ce92674853,2025-04-11
ce45645074,2025-04-11
yb72456944,2025-04-10
ta84686334,2025-04-10
sk68637090,2025-04-10
gr41565580,2025-04-09
cw54552705,2025-04-09
ce88197300,2025-04-09
yb77054205,2025-04-07
yb25136046,2025-04-07
cy85637549,2025-04-07
sk88542222,2025-04-05
sk38067901,2025-04-05
yb93202864,2025-04-04
by88137833,2025-04-04
yb84853118,2025-04-04
yb41756546,2025-04-04
yb25210856,2025-04-04
yb87712150,2025-04-04
by22802938,2025-04-04
by68022936,2025-04-04
yb29525370,2025-04-04
by67080010,2025-04-04
ss52612352,2025-04-04
sk54805318,2025-04-03
gr50712562,2025-04-03
gj46463425,2025-04-03
by90401403,2025-04-03
ss64047018,2025-04-02
ce34280492,2025-04-02
yb20665114,2025-04-02
wc32113611,2025-04-02
yb28117474,2025-04-02
ce53398380,2025-04-02
gj74560953,2025-04-02
gj29903477,2025-03-31
ta35339407,2025-03-31
gs73051726,2025-03-31
br24792977,2025-03-27
yb54550219,2025-03-27
ce24908774,2025-03-27
br34441150,2025-03-27
gj54231383,2025-03-26
ky44665813,2025-03-26
wc94940269,2025-03-26
gs92455325,2025-03-26
cw88978627,2025-03-25
ce52992604,2025-03-24
cw88089870,2025-03-24
ns34037879,2025-03-24
sc54514646,2025-03-24
gj56013981,2025-03-24
as94125466,2025-03-21
ss48780919,2025-03-21
br20529401,2025-03-21
br94050040,2025-03-20
br51161708,2025-03-20
gj56681463,2025-03-20
gj83241154,2025-03-19
sc44075448,2025-03-19
cy44337063,2025-03-19
as35066489,2025-03-18
sc29873991,2025-03-17
gj92409314,2025-03-14
cw21097396,2025-03-14
ns45495203,2025-03-14
ta87312708,2025-03-13
ss26647615,2025-03-11
wc31002455,2025-03-11
cw92242146,2025-03-07
ce65511023,2025-03-06
wc87973983,2025-02-11
gw57970995,2025-10-22
yb65499958,2025-10-21
sg85643344,2025-10-18
ce44290411,2025-10-17
ce63953180,2025-10-17
yb93520979,2025-10-16
gw23996780,2025-10-16
cw90365539,2025-10-16
cw84034541,2025-10-15
sg87258123,2025-10-15
cw64150290,2025-10-15
ce88007245,2025-10-14
ce74587245,2025-10-14
cw58834822,2025-10-14
cw64054822,2025-10-14
cw54385033,2025-10-14
cw85645034,2025-10-14
cw85510408,2025-10-14
cw83004841,2025-10-14
cw94316682,2025-10-14
ce30788993,2025-10-14
cw82525419,2025-10-14
dn29397897,2025-10-13
yb85672987,2025-10-02
yb77480109,2025-10-02
ce54319455,2025-10-02
ce25349455,2025-10-02
yb38027167,2025-10-02
yb85927446,2025-10-02
yb35486129,2025-09-25
yb56657929,2025-09-25
cw82896330,2025-09-23
cw31818968,2025-09-22
wc51862936,2025-09-19
yb62759773,2025-09-17
yb99404270,2025-09-17
ce34305240,2025-09-17
yb34428900,2025-09-17
sg79210904,2025-09-16
cw52183151,2025-09-16
wc83265280,2025-09-16
sg58252308,2025-09-15
wc73452456,2025-09-12
ds84226636,2025-09-12
ds25440194,2025-09-12
ds46882834,2025-09-12
as64071184,2025-09-11
as64071183,2025-09-11
wc72402141,2025-09-10
yb24433789,2025-09-08
yb25145318,2025-09-08
yb35684656,2025-09-08
wc88604790,2025-09-08
wc71477042,2025-09-08
yb49421434,2025-09-05
yb93571321,2025-09-05
ds82990163,2025-09-05
ds74220163,2025-09-05
ds35488909,2025-09-05
ds71460035,2025-09-05
ds28774539,2025-09-05
ds42206409,2025-09-05
wc53562272,2025-09-05
wc62671050,2025-09-05
wc87440352,2025-09-04
wc97837701,2025-09-04
ce64191120,2025-09-03
ce77778888,2025-09-03
wc63785978,2025-09-03
wc55700278,2025-09-03
wc80308425,2025-09-03
wc77773757,2025-09-03
wc20493288,2025-09-03
wc43555970,2025-09-02
wc43034210,2025-09-02
wc73436866,2025-09-02
wc29224132,2025-09-02
wc47835257,2025-09-02
wc66112807,2025-09-02
wc53647213,2025-09-02
ds50061794,2025-09-01
ds31417252,2025-09-01
yb29423342,2025-09-01
ds67609873,2025-09-01
ds80211181,2025-09-01
ds31119279,2025-09-01
ds23599140,2025-09-01
dj58862382,2025-09-01
wc53718817,2025-09-01
wc31018101,2025-09-01
wc87421526,2025-09-01
yb99723236,2025-08-29
ds35266247,2025-08-28
ds23348841,2025-08-28
ds55558459,2025-08-28
ds63698459,2025-08-28
ds53707316,2025-08-28
ds95969434,2025-08-28
ds56013797,2025-08-28
yb64747440,2025-08-28
yb63686650,2025-08-28
yb98285342,2025-08-28
wc66652578,2025-08-28
wc38177913,2025-08-28
ce99997777,2025-08-28
cw54505325,2025-08-28
cw88025326,2025-08-28
ds63126109,2025-08-27
ds28682666,2025-08-27
ds27061649,2025-08-27
ds65061240,2025-08-27
ds51714650,2025-08-27
wc87474313,2025-08-27
yb20383214,2025-08-27
wc91508495,2025-08-27
wc97332903,2025-08-27
wc49225989,2025-08-27
yb25079646,2025-08-26
ta64326309,2025-08-26
wc34360135,2025-08-26
wc94509937,2025-08-26
wc89017448,2025-08-26
dj44667118,2025-08-25
ta64827989,2025-08-25
gw58289310,2025-08-25
cw85092345,2025-08-25
cw37833109,2025-08-25
wc90359918,2025-08-25
wc77052747,2025-08-25
wc47199414,2025-08-25
ce81410712,2025-08-23
wc46167760,2025-08-22
wc34548844,2025-08-22
wc89195357,2025-08-22
cw25807502,2025-08-22
wc27753651,2025-08-22
wc42642926,2025-08-22
cw93732123,2025-08-21
cw63462123,2025-08-21
cw71892300,2025-08-21
cw84124826,2025-08-21
ce51487970,2025-08-20
ce90361804,2025-08-20
ce86213255,2025-08-20
ce45658674,2025-08-20
cw31689385,2025-08-20
cw55835284,2025-08-20
cw33282799,2025-08-20
wc30649877,2025-08-20
cw39575885,2025-08-20
wc67330515,2025-08-20
wc42050515,2025-08-20
wc91049668,2025-08-20
wc53769668,2025-08-20
yb65257283,2025-08-19
yb90214275,2025-08-19
wc53626914,2025-08-19
wc90456913,2025-08-19
ys99364739,2025-08-19
cw65008743,2025-08-19
cw94009686,2025-08-18
cw41029686,2025-08-18
ce52797247,2025-08-18
yb39440075,2025-08-18
wc66441654,2025-08-18
wc31451530,2025-08-18
wc65121424,2025-08-18
wc90312422,2025-08-18
wc23591242,2025-08-18
ce34350308,2025-08-16
ce94114308,2025-08-16
ce33416855,2025-08-15
ce63436855,2025-08-15
ce91456224,2025-08-15
yb77573118,2025-08-14
wc71047094,2025-08-14
wc73385607,2025-08-14
wc40474084,2025-08-14
gw57281995,2025-08-14
by37430811,2025-08-13
wc31576513,2025-08-13
wc39190497,2025-08-13
yb54101844,2025-08-12
yb85911885,2025-08-12
yb63306963,2025-08-12
yb85363995,2025-08-12
yb93635695,2025-08-12
yb25207077,2025-08-12
yb35281021,2025-08-12
yb45140933,2025-08-12
yb36332905,2025-08-12
yb73110833,2025-08-12
yb88892123,2025-08-12
ce92807562,2025-08-12
ds66015444,2025-08-12
yb99771302,2025-08-12
yb56165385,2025-08-12
yb55854186,2025-08-12
wc28318083,2025-08-12
wc87974133,2025-08-12
wc30954588,2025-08-11
sc54561170,2025-08-11
ns99683420,2025-08-11
wc48580097,2025-08-11
wc68475778,2025-08-11
sc59317337,2025-08-08
wc77525450,2025-08-08
wc43635450,2025-08-08
sc88408365,2025-08-08
sc22701150,2025-08-08
wc41575914,2025-08-08
wc43009641,2025-08-08
ds74702326,2025-08-07
ds27001697,2025-08-07
yb92332330,2025-08-07
yb55377282,2025-08-07
wc90493917,2025-08-07
yb65083604,2025-08-07
wc68944864,2025-08-07
wc38946322,2025-08-07
cw29918774,2025-08-07
cw28678774,2025-08-07
ds28338733,2025-08-07
yb91187933,2025-08-06
dj37779773,2025-08-06
yb36536005,2025-08-06
dj77442641,2025-08-06
wc90342849,2025-08-06
wc54026136,2025-08-05
yb88434352,2025-08-05
wc87462989,2025-08-05
dj53981768,2025-08-05
dj54055654,2025-08-05
dj39155038,2025-08-05
dj64132063,2025-08-05
wc64107424,2025-08-05
dj54379068,2025-08-05
dj73644751,2025-08-05
dj50254038,2025-08-05
dj30341899,2025-08-04
dj33229396,2025-08-04
dj89829268,2025-08-04
dj72711948,2025-08-04
dj72759859,2025-08-04
dj38362898,2025-08-04
wc37515656,2025-08-04
dj91732162,2025-08-04
wc30955121,2025-08-04
wc52086966,2025-08-01
wc63621507,2025-08-01
wc63808158,2025-08-01
yb57638070,2025-08-01
wc92637544,2025-08-01
wc30011699,2025-08-01
wc71215503,2025-08-01
wc90799141,2025-08-01
wc71883787,2025-07-31
wc63724288,2025-07-31
ds25448723,2025-07-31
ds54897249,2025-07-31
sc66341532,2025-07-30
dj34052105,2025-07-30
dj76456906,2025-07-30
dj47606205,2025-07-30
dj30255154,2025-07-30
dj56657582,2025-07-30
dj49337582,2025-07-30
yb65609432,2025-07-30
dj67472057,2025-07-30
dj35219868,2025-07-30
wc53652321,2025-07-30
ds33686808,2025-07-30
wc82412181,2025-07-30
wc47852151,2025-07-30
ns85050294,2025-07-29
wc36917921,2025-07-29
wc72111429,2025-07-29
ds75169798,2025-07-29
ds75022291,2025-07-29
wc50795775,2025-07-29
wc24554766,2025-07-29
wc31045000,2025-07-28
wc65870933,2025-07-28
wc57909002,2025-07-28
dj88262928,2025-07-28
ce72240007,2025-07-28
ce30030549,2025-07-28
wc41543041,2025-07-28
wc89500428,2025-07-28
wc83654132,2025-07-28
wc47615652,2025-07-28
wc74521122,2025-07-28
dj74698253,2025-07-28
dj37473345,2025-07-28
dj56174244,2025-07-28
dj34128569,2025-07-28
dj34589524,2025-07-28
dj88495659,2025-07-28
dj20241522,2025-07-28
dj88462682,2025-07-28
dj92840699,2025-07-28
dj45120535,2025-07-28
dj80009918,2025-07-28
dj95528261,2025-07-28
dj94131528,2025-07-28
dj37975678,2025-07-28
dj34577682,2025-07-28
dj54384512,2025-07-28
dj20154729,2025-07-28
dj54380166,2025-07-28
dj34326509,2025-07-25
wc20041926,2025-07-25
wc52061473,2025-07-25
wc86948366,2025-07-25
dj24051383,2025-07-25
dj46246853,2025-07-25
dj85558739,2025-07-25
dj47892460,2025-07-25
dj72424120,2025-07-25
dj27908707,2025-07-25
dj57973085,2025-07-25
dj93609312,2025-07-25
wc30709999,2025-07-25
wc96589999,2025-07-25
as39688168,2025-07-24
wc53283175,2025-07-24
wc84801237,2025-07-24
yb99926687,2025-07-23
dj56450253,2025-07-23
ds41808921,2025-07-23
ds95852547,2025-07-23
yb93726687,2025-07-23
wc56316272,2025-07-23
wc90058734,2025-07-22
wc37106021,2025-07-22
gs67556714,2025-07-22
dj24070467,2025-07-22
dj47083620,2025-07-22
dj56443704,2025-07-22
dj42244079,2025-07-22
dj54303675,2025-07-22
wc90067455,2025-07-22
wc90636923,2025-07-22
wc87936923,2025-07-22
wc87978564,2025-07-22
ky64290755,2025-07-21
ky20156680,2025-07-21
ky22923006,2025-07-21
ky91585657,2025-07-21
ky54703874,2025-07-21
yb53038526,2025-07-21
wc47682272,2025-07-21
yb63576904,2025-07-21
yb38535105,2025-07-21
wc53773999,2025-07-21
wc33711752,2025-07-21
wc72769525,2025-07-21
wc93344612,2025-07-18
wc63840950,2025-07-18
dj95551685,2025-07-17
dj73520047,2025-07-17
sc64258668,2025-07-17
dj35550431,2025-07-17
dj65490104,2025-07-17
dj68213616,2025-07-17
dj41600449,2025-07-17
dj46158797,2025-07-17
dj64786890,2025-07-17
dj74348852,2025-07-17
dj77349027,2025-07-17
dj54581186,2025-07-17
dj58990071,2025-07-17
dj76501476,2025-07-17
dj87381361,2025-07-17
dj54046677,2025-07-17
dj35573709,2025-07-17
dj74782527,2025-07-17
dj37235495,2025-07-17
dj20248429,2025-07-17
dj77776550,2025-07-17
dj67865540,2025-07-17
dj35934117,2025-07-17
dj83285045,2025-07-17
dj28162086,2025-07-17
dj24566662,2025-07-17
dj31163894,2025-07-17
dj93562002,2025-07-17
dj27388324,2025-07-17
dj27390417,2025-07-17
yb38171088,2025-07-16
gw28193881,2025-07-16
wc89189697,2025-07-16
wc44300745,2025-07-16
wc43621562,2025-07-16
ky56272558,2025-07-15
ky37721025,2025-07-15
ky38513665,2025-07-15
ky75502365,2025-07-15
ky46626928,2025-07-15
ky89776064,2025-07-15
ky98528850,2025-07-15
yb77264581,2025-07-15
yb51081333,2025-07-15
yb68611267,2025-07-15
yb88053503,2025-07-15
yb55436100,2025-07-15
wc91975463,2025-07-15
dj62994129,2025-07-15
wc25341926,2025-07-15
dj66487919,2025-07-14
dj71352223,2025-07-14
wc47104907,2025-07-14
wc72409631,2025-07-14
wc50074943,2025-07-14
cw95597979,2025-07-14
wc72753820,2025-07-14
wc72022474,2025-07-14
wc93367165,2025-07-14
wc77527779,2025-07-11
wc88878284,2025-07-11
wc93067926,2025-07-11
wc29273251,2025-07-11
wc53796744,2025-07-11
wc87964206,2025-07-11
yb21015302,2025-07-10
wc53715454,2025-07-10
dn86811709,2025-07-10
wc29911568,2025-07-10
wc47138266,2025-07-10
wc53766083,2025-07-10
ng77442361,2025-07-10
wc98183450,2025-07-09
wc63754811,2025-07-09
wc39075474,2025-07-09
wc28395800,2025-07-09
wc52162858,2025-07-09
wc29695750,2025-07-09
ns55993876,2025-07-09
ns35352154,2025-07-09
ns52992154,2025-07-09
hs94011336,2025-07-08
wc33550894,2025-07-08
wc28389141,2025-07-08
dj94084968,2025-07-08
wc53674123,2025-07-08
wc86226161,2025-07-08
wc53726828,2025-07-08
dn38126422,2025-07-07
wc63783072,2025-07-07
wc38800016,2025-07-07
wc88603879,2025-07-07
wc31696625,2025-07-07
dj86244501,2025-07-04
dj55245455,2025-07-04
wc48718211,2025-07-04
wc86028848,2025-07-04
wc63789909,2025-07-04
wc51718142,2025-07-04
wc53842611,2025-07-04
wc87369166,2025-07-04
wc23322945,2025-07-04
wc94747010,2025-07-03
wc58920319,2025-07-03
yb65738754,2025-07-03
as72007449,2025-07-03
as99096004,2025-07-03
dj47513141,2025-07-02
dj51774832,2025-07-02
wc93029770,2025-07-02
wc91691234,2025-07-02
ns34571139,2025-07-02
wc53776633,2025-07-02
wc32675757,2025-07-02
ce54316391,2025-07-01
wc24130638,2025-07-01
wc97226914,2025-07-01
wc33656914,2025-07-01
ce87512969,2025-07-01
hs83471126,2025-07-01
wc83340319,2025-07-01
wc63701539,2025-06-30
wc24731456,2025-06-30
wc73853553,2025-06-30
wc22734058,2025-06-30
wc94831812,2025-06-30
wc43282622,2025-06-30
wc38224620,2025-06-30
cw76450907,2025-06-27
wc53729883,2025-06-27
wc87951629,2025-06-27
wc91596911,2025-06-27
wc53794476,2025-06-27
wc71862267,2025-06-27
sc46541619,2025-06-26
sc50368356,2025-06-26
wc39374254,2025-06-26
wc42767811,2025-06-26
dj29492803,2025-06-26
yb42597212,2025-06-26
wc94551154,2025-06-25
wc98161460,2025-06-25
ds81133747,2025-06-24
ds75885171,2025-06-24
wc55135118,2025-06-24
wc34816460,2025-06-24
wc88794616,2025-06-24
wc87717687,2025-06-24
sc22116856,2025-06-23
wc37683006,2025-06-23
cw72344357,2025-06-23
wc62338635,2025-06-23
wc62335006,2025-06-23
as66237102,2025-06-20
yb25229003,2025-06-19
wc45251178,2025-06-19
gs88034312,2025-06-18
wc49519975,2025-06-18
wc32922445,2025-06-17
cw34090737,2025-06-17
wc53638912,2025-06-17
yb38217799,2025-06-17
yb38077558,2025-06-17
wc31236391,2025-06-17
wc79051920,2025-06-17
wc86159250,2025-06-17
ys54699604,2025-06-16
cw88788601,2025-06-16
wc89018355,2025-06-16
sg42731709,2025-06-16
ce32452933,2025-06-16
wc99293805,2025-06-16
cw82353710,2025-06-13
ns24810081,2025-06-13
ns64131629,2025-06-13
ns54042108,2025-06-13
yb38045824,2025-06-13
as94157293,2025-06-12
as92160314,2025-06-12
as34428550,2025-06-12
yb38400188,2025-06-12
yb92368239,2025-06-12
yb35459159,2025-06-12
gw53486939,2025-06-11
gw85797530,2025-06-11
gw66938552,2025-06-11
gw55320500,2025-06-11
gw93985770,2025-06-11
gw55910500,2025-06-11
gw93685770,2025-06-11
gw96035603,2025-06-11
ce92463732,2025-06-11
as21882927,2025-06-11
as68442927,2025-06-11
wc56580795,2025-06-10
hs34670519,2025-06-10
yb90743215,2025-06-10
wc93908483,2025-06-10
wc96421911,2025-06-10
wc23567361,2025-06-10
wc94306253,2025-06-10
ys28732080,2025-06-09
ys24493228,2025-06-09
ys95571404,2025-06-09
as63105707,2025-06-09
as27764147,2025-06-09
wc73458517,2025-06-09
ss57270682,2025-06-09
yb46298791,2025-06-09
ns85882108,2025-06-09
yb65485055,2025-06-09
yb95757800,2025-06-09
wc24375455,2025-06-09
ng25022518,2025-06-06
ss95899974,2025-06-05
ss93164711,2025-06-05
ss44702585,2025-06-05
ss94045844,2025-06-05
ss57191030,2025-06-05
wc94719218,2025-06-05
gw51766664,2025-06-05
gw25496665,2025-06-05
wc55102590,2025-06-05
wc47857766,2025-06-05
gj71762349,2025-06-05
gr49334982,2025-06-04
by58830992,2025-06-04
by99797842,2025-06-04
wc76820436,2025-06-04
wc27591287,2025-06-04
wc87843323,2025-06-04
wc53736452,2025-06-04
dn25852518,2025-06-04
ng89681426,2025-06-03
ng23206963,2025-06-03
ng49157772,2025-06-03
ng63202419,2025-06-03
ng85445234,2025-06-03
ng33450535,2025-06-03
ng46135936,2025-06-03
ng25030604,2025-06-03
sg84636101,2025-06-03
ys91413415,2025-06-02
ys85555116,2025-06-02
yb91968781,2025-06-02
yb85671697,2025-06-02
cw91426224,2025-06-02
wc67902390,2025-06-02
wc43212394,2025-06-02
gj83344017,2025-06-02
gj39063457,2025-06-02
ss44886796,2025-06-02
ss89916570,2025-06-02
ss52126796,2025-06-02
ss64773735,2025-06-02
ss95511735,2025-06-02
wc24109044,2025-06-02
wc71600430,2025-06-02
wc48744700,2025-06-02
ys28994016,2025-06-01
ys22759936,2025-06-01
ys33926846,2025-06-01
ss54512194,2025-06-01
ss38858606,2025-06-01
ys54181998,2025-06-01
ss20005150,2025-06-01
gr72326842,2025-06-01
ng28765393,2025-05-31
ng28785393,2025-05-31
ng55522516,2025-05-30
ys46530158,2025-05-30
dj65299974,2025-05-30
sg51985809,2025-05-30
wc22071545,2025-05-30
wc34699409,2025-05-30
ys66456742,2025-05-30
dj25576091,2025-05-30
br27474070,2025-05-30
dn28040254,2025-05-30
dn40415896,2025-05-30
wc26390334,2025-05-30
wc35024696,2025-05-30
wc75542113,2025-05-30
ng22615235,2025-05-29
gs34823434,2025-05-29
gr46600234,2025-05-29
cw44133911,2025-05-29
wc40110831,2025-05-29
wc49679706,2025-05-29
ns77362129,2025-05-29
cw28364423,2025-05-29
dj40316184,2025-05-29
sg26276710,2025-05-28
dn25023000,2025-05-28
wc84801824,2025-05-28
wc20800746,2025-05-28
cw71864826,2025-05-28
gj82748740,2025-05-28
dn39290252,2025-05-28
br76478213,2025-05-28
br73446994,2025-05-28
br32121511,2025-05-28
br45951633,2025-05-28
wc83384295,2025-05-28
wc27344295,2025-05-28
wc28486970,2025-05-28
wc28906970,2025-05-28
ky43922860,2025-05-27
hs31503484,2025-05-27
sg49659209,2025-05-27
cw67510288,2025-05-27
cw34500288,2025-05-27
cw72404562,2025-05-27
wc55894182,2025-05-27
cw85667259,2025-05-27
dn43784060,2025-05-27
dj84480529,2025-05-27
dj24287647,2025-05-27
wc90146222,2025-05-27
dn91002468,2025-05-26
dn40719533,2025-05-26
dn68640311,2025-05-26
sg85912699,2025-05-26
sg48237298,2025-05-26
wc48485257,2025-05-26
wc62940072,2025-05-26
wc88785809,2025-05-26
gj77500906,2025-05-26
gj20593374,2025-05-26
gj89497269,2025-05-26
gj26333405,2025-05-26
gj99348290,2025-05-26
gj49324085,2025-05-26
gj31573652,2025-05-26
gj92724948,2025-05-26
gj94001233,2025-05-26
gj33371018,2025-05-26
gj64257599,2025-05-26
gj57755080,2025-05-26
gj33024627,2025-05-26
gj77277616,2025-05-26
gj21717352,2025-05-26
gj93226969,2025-05-26
gj95883914,2025-05-26
gj47115873,2025-05-26
gj37395918,2025-05-26
gj45324678,2025-05-26
gj56381001,2025-05-26
gj29832754,2025-05-26
gj58991759,2025-05-26
gj34033399,2025-05-26
gj53968375,2025-05-26
gj92034858,2025-05-26
gj88167061,2025-05-26
sg33583989,2025-05-26
yb47755311,2025-05-26
wc56095632,2025-05-26
wc89954427,2025-05-26
gw21558488,2025-05-24
gw28888386,2025-05-24
gw93868714,2025-05-24
dn88521852,2025-05-23
ys30687303,2025-05-23
ys87206652,2025-05-23
wc48831177,2025-05-23
sg30114503,2025-05-23
sg52552981,2025-05-23
gs54218030,2025-05-23
ss91951741,2025-05-23
ss34821741,2025-05-23
hs46328270,2025-05-23
hs50693829,2025-05-23
as74987015,2025-05-23
wc77266398,2025-05-23
yb31715802,2025-05-23
wc33503403,2025-05-23
wc87916906,2025-05-23
cw67757237,2025-05-22
cw67533210,2025-05-22
cw67524678,2025-05-22
br89524061,2025-05-22
br93775666,2025-05-22
br35169773,2025-05-22
sg98208333,2025-05-22
br72802068,2025-05-22
br95108222,2025-05-22
br86390128,2025-05-22
dn42583382,2025-05-22
dn46317711,2025-05-22
dn29680114,2025-05-22
yb41176369,2025-05-22
yb52431439,2025-05-22
yb93681439,2025-05-22
cw55873879,2025-05-22
sg95564072,2025-05-22
wc54568955,2025-05-22
gj47722538,2025-05-22
gj95999281,2025-05-22
gj54268724,2025-05-22
gj54383115,2025-05-22
gj76071254,2025-05-22
gj52476000,2025-05-22
gj54279739,2025-05-22
gj54044678,2025-05-22
gj54053430,2025-05-22
gj21907215,2025-05-22
gj88253270,2025-05-22
gj47161622,2025-05-22
gj33048240,2025-05-22
gj88113344,2025-05-22
gj46271769,2025-05-22
gj44075600,2025-05-22
gj54043163,2025-05-22
ta88112197,2025-05-22
ta28302197,2025-05-22
sg51687984,2025-05-21
gj54528809,2025-05-21
gj54358600,2025-05-21
cw91035066,2025-05-21
cw89762782,2025-05-21
cw90999200,2025-05-21
cw95207978,2025-05-21
cw39310772,2025-05-21
cw34345824,2025-05-21
sg25407194,2025-05-21
gr76822018,2025-05-21
gr64967156,2025-05-21
dn25207718,2025-05-21
dn35326576,2025-05-21
gw40460900,2025-05-21
gw98020255,2025-05-21
br42252099,2025-05-21
br37989785,2025-05-21
br47204673,2025-05-21
gj64329770,2025-05-21
gj20085883,2025-05-21
gj88147282,2025-05-21
gj88082322,2025-05-21
gj38668038,2025-05-21
gj41008605,2025-05-21
gj32628038,2025-05-21
dn49177437,2025-05-20
dn47305416,2025-05-20
yb64408358,2025-05-20
hs41021620,2025-05-20
sg82226927,2025-05-20
as56003140,2025-05-20
gw45073359,2025-05-20
sg30332225,2025-05-20
sg95354636,2025-05-20
sg31291622,2025-05-20
sg63520735,2025-05-20
cw86533033,2025-05-20
wc53723015,2025-05-20
sg94551713,2025-05-20
wc92420792,2025-05-20
sg88138465,2025-05-20
dn29006371,2025-05-20
cw34995966,2025-05-20
ss95991614,2025-05-20
dn65884671,2025-05-20
sc51264717,2025-05-20
sg27313118,2025-05-20
sg26969224,2025-05-20
gw75277911,2025-05-20
gw35277911,2025-05-20
wc33936338,2025-05-20
gw64741195,2025-05-20
gw35119139,2025-05-20
gw71780670,2025-05-20
wc47080472,2025-05-20
wc99893365,2025-05-20
yb55767088,2025-05-19
cw58729897,2025-05-19
ys34567765,2025-05-19
sg45304629,2025-05-19
sg87374370,2025-05-19
hs73021606,2025-05-19
sg76657644,2025-05-19
sg31563177,2025-05-19
sg57595651,2025-05-19
yb62841737,2025-05-19
sg62640876,2025-05-19
sg75257138,2025-05-19
sg50013633,2025-05-19
yb25382968,2025-05-19
sg67572658,2025-05-19
sg46789023,2025-05-19
cw33239314,2025-05-19
sg89627254,2025-05-19
dn85725259,2025-05-19
wc64211230,2025-05-19
wc52282697,2025-05-19
wc89445607,2025-05-19
gj98562333,2025-05-19
hs46326260,2025-05-19
hs64503937,2025-05-19
sg28770373,2025-05-19
sg72217679,2025-05-19
dn73963900,2025-05-19
gw42626788,2025-05-19
gw85389117,2025-05-19
ce80287212,2025-05-19
cw45978242,2025-05-19
wc47290519,2025-05-19
cw23267798,2025-05-19
wc90249996,2025-05-19
wc28010648,2025-05-19
hs45608432,2025-05-19
sg41796063,2025-05-18
sg66356063,2025-05-18
gr38151648,2025-05-17
dn38749447,2025-05-16
dn74764644,2025-05-16
dn50439235,2025-05-16
dn45283474,2025-05-16
dn99096095,2025-05-16
cw75175667,2025-05-16
cw82764413,2025-05-16
wc47153177,2025-05-16
sg57062696,2025-05-16
wc88580540,2025-05-16
wc98237932,2025-05-16
sg76469922,2025-05-16
sg85697419,2025-05-16
dn39561638,2025-05-16
dn88583083,2025-05-16
gj54063397,2025-05-16
gj75907003,2025-05-16
gj26779967,2025-05-16
gj57693016,2025-05-16
gj41675257,2025-05-16
gj23992092,2025-05-16
gj94044870,2025-05-16
gj54843771,2025-05-16
sg33307825,2025-05-16
cw23130578,2025-05-16
wc27755505,2025-05-16
sg38297181,2025-05-15
cw62377372,2025-05-15
cw33811836,2025-05-15
cw44212451,2025-05-15
cw31761120,2025-05-15
dn79194244,2025-05-15
dn82091563,2025-05-15
dn22801153,2025-05-15
dn81170727,2025-05-15
cw91292809,2025-05-15
hs68083388,2025-05-15
bg68623024,2025-05-15
dn85676333,2025-05-15
ss24823005,2025-05-15
wc99705058,2025-05-15
cw64781682,2025-05-15
wc97654654,2025-05-15
sg29782601,2025-05-15
cw41745494,2025-05-15
sg88427181,2025-05-15
hs66573484,2025-05-15
cw20526852,2025-05-15
ss95782490,2025-05-15
cw24109090,2025-05-15
gr29813810,2025-05-14
dn33905858,2025-05-14
dn33785800,2025-05-14
cw77712982,2025-05-14
ys20465977,2025-05-14
cw92172809,2025-05-14
ce82495290,2025-05-14
dn35136904,2025-05-14
dn51013321,2025-05-14
dn52126432,2025-05-14
wc38372641,2025-05-14
ys24326328,2025-05-14
ys79998317,2025-05-14
ys71521559,2025-05-14
ys22937300,2025-05-14
ys24335758,2025-05-14
ys77392879,2025-05-14
dn71718926,2025-05-14
dn57792396,2025-05-14
cw40500361,2025-05-14
ys75829110,2025-05-14
ys54306590,2025-05-14
dn74769744,2025-05-14
wc93097615,2025-05-14
wc72720099,2025-05-14
wc73478298,2025-05-14
wc33922342,2025-05-14
dn62662071,2025-05-13
gw35238305,2025-05-13
gw40819395,2025-05-13
cw58771915,2025-05-13
ng51565393,2025-05-13
cw84638282,2025-05-13
ys64093467,2025-05-13
ys20573299,2025-05-13
ys58976587,2025-05-13
ys51539008,2025-05-13
dn99110191,2025-05-13
dn95671647,2025-05-13
dn26011647,2025-05-13
cw64197227,2025-05-13
cw54298861,2025-05-13
wc97991767,2025-05-13
wc55468394,2025-05-13
hs62605318,2025-05-13
ys74559001,2025-05-13
cw64748434,2025-05-13
cw88236219,2025-05-13
gw82133355,2025-05-13
ys21822590,2025-05-13
cw94220301,2025-05-13
hs50043361,2025-05-13
cw45159122,2025-05-13
hs22475848,2025-05-13
gw58390025,2025-05-13
gw29252891,2025-05-13
cw34672792,2025-05-13
gw55296687,2025-05-13
gw99752279,2025-05-13
hs52519162,2025-05-13
cw23035824,2025-05-13
cw45637239,2025-05-13
cw34348518,2025-05-13
cw68769446,2025-05-13
cw26102276,2025-05-13
sc39059628,2025-05-12
ky75305759,2025-05-12
ky41471538,2025-05-12
dn82239973,2025-05-12
dn47722505,2025-05-12
dn25961454,2025-05-12
dn54854876,2025-05-12
cw88175862,2025-05-12
cw68571599,2025-05-12
hs54323361,2025-05-12
gw48778471,2025-05-12
ys44576539,2025-05-12
ys85805839,2025-05-12
cw31540361,2025-05-12
cw38397211,2025-05-12
cw73784270,2025-05-12
ns82032678,2025-05-12
ns44112182,2025-05-12
ss20624031,2025-05-12
wc56293566,2025-05-12
wc39153566,2025-05-12
as58125312,2025-05-11
cw51316121,2025-05-09
sk68175321,2025-05-09
cw33978292,2025-05-09
cw85317015,2025-05-09
as46078130,2025-05-09
wc53634888,2025-05-09
wc63730734,2025-05-09
wc39311370,2025-05-09
wc90794536,2025-05-09
hs66073936,2025-05-09
ys71508423,2025-05-09
hs54311711,2025-05-09
hs64778519,2025-05-09
cw71374270,2025-05-09
cw32716332,2025-05-09
hs64199094,2025-05-09
cw34565004,2025-05-09
cw31021078,2025-05-09
cw67974087,2025-05-09
wc93641300,2025-05-09
ce91652826,2025-05-09
ce43223823,2025-05-09
ce95880092,2025-05-09
ce89284208,2025-05-09
ce37637054,2025-05-09
ys53897156,2025-05-08
cw52095383,2025-05-08
ys87108296,2025-05-08
ys92821649,2025-05-08
cw31524759,2025-05-08
dn27094652,2025-05-08
dn41391442,2025-05-08
sc85762583,2025-05-08
ys54517895,2025-05-08
ys21585999,2025-05-08
ys71380040,2025-05-08
cw45541147,2025-05-08
gj42447442,2025-05-08
cw71713023,2025-05-08
sk30105577,2025-05-08
hs33345681,2025-05-08
dn28683083,2025-05-08
ce23654354,2025-05-08
ce49331053,2025-05-08
cw56028514,2025-05-08
cw50249478,2025-05-08
ys32334270,2025-05-07
ys24650001,2025-05-07
sc49195047,2025-05-07
sc26071708,2025-05-07
cw56071442,2025-05-07
ys44551339,2025-05-07
gw63452337,2025-05-07
ys95067765,2025-05-07
cw34638825,2025-05-07
gw38232847,2025-05-07
gw45142572,2025-05-07
gw30603421,2025-05-07
gw28191224,2025-05-07
gw73407809,2025-05-07
ys64700898,2025-05-07
hs66583936,2025-05-07
hs40404954,2025-05-07
wc46248715,2025-05-07
cw34560637,2025-05-07
ys44203402,2025-05-07
wc59137650,2025-05-07
ys65780622,2025-05-07
wc50914642,2025-05-07
wc40940017,2025-05-07
gw45675770,2025-05-07
gw85838700,2025-05-07
ys87652432,2025-05-07
br24993777,2025-05-07
br56803441,2025-05-07
br33811938,2025-05-07
br62884244,2025-05-07
ds38234866,2025-05-07
ss49446977,2025-05-07
ss54146977,2025-05-07
cw41800074,2025-05-07
cw41825949,2025-05-07
ce87403494,2025-05-07
ce20463494,2025-05-07
ce96849484,2025-05-07
ce45199276,2025-05-07
yb79333505,2025-05-04
sk76779375,2025-05-03
ss94049343,2025-05-03
ss71812474,2025-05-03
cw45895823,2025-05-02
ys94123360,2025-05-02
ys87124023,2025-05-02
hs75790829,2025-05-02
ys88154210,2025-05-02
ys81854210,2025-05-02
wc51556737,2025-05-02
gs92816598,2025-05-02
wc29942342,2025-05-02
cw54566446,2025-05-02
ys98610212,2025-05-02
cw34123428,2025-05-02
cw34409002,2025-05-02
cw24912919,2025-05-02
ys33214826,2025-05-02
ys20300440,2025-05-02
ss77426438,2025-05-02
ss63356570,2025-05-02
ss91427243,2025-05-02
ss30635750,2025-05-02
sk67993044,2025-05-02
ys34173991,2025-05-02
ys74323424,2025-05-02
cw33681400,2025-05-02
ce54188331,2025-05-02
ys41076140,2025-05-02
cw47547158,2025-05-02
wc25563264,2025-05-02
gs34228357,2025-05-02
gs94747375,2025-05-02
gs98065244,2025-05-02
ys30342964,2025-05-01
ys80057547,2025-05-01
hs48021780,2025-05-01
hs54096947,2025-05-01
hs30831789,2025-05-01
gw74868789,2025-04-30
gw85655325,2025-04-30
gw74788789,2025-04-30
gr38962507,2025-04-30
ns46443528,2025-04-30
ys52092543,2025-04-30
ys48004934,2025-04-30
ce42841142,2025-04-30
gw44653864,2025-04-30
wc37136964,2025-04-30
gw65017011,2025-04-30
gw31314443,2025-04-30
hs41884068,2025-04-30
gw64053731,2025-04-30
gw90212429,2025-04-30
ky44062557,2025-04-30
cw27492678,2025-04-30
cw20873947,2025-04-30
gw37425639,2025-04-30
gw83882462,2025-04-30
ce66399950,2025-04-30
ce53797710,2025-04-30
ce41856297,2025-04-30
sk25098636,2025-04-30
cw88113165,2025-04-30
ce24201035,2025-04-30
ce90116510,2025-04-30
gw85959865,2025-04-30
wc99639151,2025-04-30
ys23205652,2025-04-29
ys53448963,2025-04-29
dk40503924,2025-04-29
dk22366975,2025-04-29
dk28121103,2025-04-29
dk29126479,2025-04-29
dk85818807,2025-04-29
cw43545800,2025-04-29
dk46463373,2025-04-29
gw35017405,2025-04-29
dk38908984,2025-04-29
dk85812201,2025-04-29
gw65246788,2025-04-29
dk41819659,2025-04-29
dk93447620,2025-04-29
dk44776069,2025-04-29
dk85784192,2025-04-29
dk26568795,2025-04-29
by20026992,2025-04-29
gw24118471,2025-04-29
dk83303425,2025-04-29
dk39206928,2025-04-29
dk37887814,2025-04-29
as99372930,2025-04-29
by34044952,2025-04-29
as33051740,2025-04-29
ce51671072,2025-04-29
as54342007,2025-04-29
ss94300534,2025-04-29
cw27828431,2025-04-29
cw40238431,2025-04-29
ys96035721,2025-04-29
wc75508459,2025-04-29
wc30762819,2025-04-29
ss35988734,2025-04-29
ce88160222,2025-04-29
as72902723,2025-04-29
ce48902420,2025-04-29
ce76657391,2025-04-29
ce34535555,2025-04-29
gw40835002,2025-04-29
gw29978623,2025-04-29
gw87539310,2025-04-29
gw57659310,2025-04-29
gw63169310,2025-04-29
hs54744836,2025-04-29
hs88102395,2025-04-29
hs75780916,2025-04-29
cw54304177,2025-04-29
cw64883144,2025-04-29
wc76738835,2025-04-29
cw34833144,2025-04-29
wc63358835,2025-04-29
gj52019585,2025-04-28
cw91225411,2025-04-28
cw87689182,2025-04-28
gj50039367,2025-04-28
ys91238678,2025-04-28
hs92881574,2025-04-28
sk43672000,2025-04-28
ys84888253,2025-04-28
wc27640851,2025-04-28
wc99220852,2025-04-28
gj22450565,2025-04-28
ce88801981,2025-04-28
ce82728667,2025-04-28
ce52653807,2025-04-28
ns76004695,2025-04-28
ns33584479,2025-04-28
cw54513435,2025-04-28
by88228397,2025-04-28
wc26285585,2025-04-28
wc51661040,2025-04-28
cw84514351,2025-04-28
ss26501728,2025-04-27
ss54082023,2025-04-27
ss89612023,2025-04-27
ss52932023,2025-04-27
sk25318883,2025-04-27
ce76528838,2025-04-27
ce34956334,2025-04-27
gr29874231,2025-04-27
gr64044231,2025-04-27
yb93936784,2025-04-26
yb44559870,2025-04-26
yb50573523,2025-04-26
yb93803454,2025-04-26
yb56578158,2025-04-26
yb38459768,2025-04-26
yb28263570,2025-04-26
yb20432916,2025-04-26
yb24841062,2025-04-26
yb72327322,2025-04-26
yb83984866,2025-04-25
yb74703573,2025-04-25
yb55355019,2025-04-25
hs67320677,2025-04-25
by72787598,2025-04-25
as83981375,2025-04-25
cw42837052,2025-04-25
as39596697,2025-04-25
ce24835880,2025-04-25
ce87088129,2025-04-25
hs48519056,2025-04-25
by34667269,2025-04-25
cw44780071,2025-04-25
cw48060157,2025-04-25
wc75809181,2025-04-25
wc42719181,2025-04-25
yb67652258,2025-04-25
as67764929,2025-04-25
as45653685,2025-04-25
as75535413,2025-04-25
hs56033095,2025-04-25
sk26008126,2025-04-25
sk36028126,2025-04-25
dn24767757,2025-04-25
hs88446502,2025-04-25
cw88921762,2025-04-25
sk35109531,2025-04-25
by34544044,2025-04-25
dn24301725,2025-04-25
br95738648,2025-04-25
br99393575,2025-04-25
br79421140,2025-04-25
br41674148,2025-04-25
br88385647,2025-04-25
br65117024,2025-04-25
br72537024,2025-04-25
yb68023736,2025-04-25
yb98388706,2025-04-25
gj93998567,2025-04-24
gj54335678,2025-04-24
gj76006487,2025-04-24
gj89483686,2025-04-24
gj88043686,2025-04-24
gj54031686,2025-04-24
gj58007576,2025-04-24
gj40276405,2025-04-24
gj54176405,2025-04-24
gj86167386,2025-04-24
gj47481358,2025-04-24
gj21222051,2025-04-24
gj99678944,2025-04-24
gj38298963,2025-04-24
gj53822653,2025-04-24
gj94152653,2025-04-24
ys63617569,2025-04-24
ys54293931,2025-04-24
ys63496220,2025-04-24
ss34531613,2025-04-24
ys51100063,2025-04-24
ss50402713,2025-04-24
ss53380824,2025-04-24
ss53125791,2025-04-24
gj94147679,2025-04-24
cw26251553,2025-04-24
cw88199087,2025-04-24
ce82992643,2025-04-24
cw84084598,2025-04-24
yb91107206,2025-04-24
dk71639876,2025-04-24
dk49355753,2025-04-24
dk99550270,2025-04-24
dk45063225,2025-04-24
dk30222685,2025-04-24
dk52929763,2025-04-24
ys62827731,2025-04-24
yb73901263,2025-04-24
ce95592713,2025-04-24
wc63837897,2025-04-24
dk94034514,2025-04-24
by48256787,2025-04-24
dk77267934,2025-04-24
dk28777351,2025-04-24
cw42799703,2025-04-24
dk68809114,2025-04-24
cw53851993,2025-04-24
dk93877337,2025-04-24
by31294209,2025-04-24
dk25697589,2025-04-24
dk20465889,2025-04-24
dk76566329,2025-04-24
dk55177793,2025-04-24
ys49104153,2025-04-24
by45495198,2025-04-24
dk62831068,2025-04-24
dk66612874,2025-04-24
ky50382021,2025-04-24
ys76359760,2025-04-24
dk26085436,2025-04-24
dk97071500,2025-04-24
dk38156228,2025-04-24
dk30563156,2025-04-24
ys42203516,2025-04-24
dk74650519,2025-04-24
ce95531500,2025-04-24
dk65563141,2025-04-24
dk88995598,2025-04-24
dk91036691,2025-04-24
dk95677525,2025-04-24
dk45175733,2025-04-24
as29150917,2025-04-24
dk52827485,2025-04-24
dk45057264,2025-04-24
dk96118986,2025-04-24
hs94592562,2025-04-24
dk20069026,2025-04-24
by72165135,2025-04-24
dk28102184,2025-04-24
dk38210533,2025-04-24
dk97708245,2025-04-24
dk45326144,2025-04-24
ys22284636,2025-04-24
by32299473,2025-04-24
hs63463956,2025-04-24
by33909049,2025-04-24
ce91817727,2025-04-24
hs86384033,2025-04-24
hs50411770,2025-04-24
dk47730504,2025-04-24
ky48455643,2025-04-24
ky72462280,2025-04-24
ky31064624,2025-04-24
ys34838212,2025-04-24
dk85610008,2025-04-24
dk85574532,2025-04-24
dk33325227,2025-04-24
cw52574671,2025-04-24
dk65635068,2025-04-24
dk88502586,2025-04-24
sk48573097,2025-04-24
dk27876922,2025-04-24
cw29105188,2025-04-24
as92709115,2025-04-24
as84967773,2025-04-24
by44513716,2025-04-23
dn45014444,2025-04-23
gj75946667,2025-04-23
wc37973730,2025-04-23
wc97882702,2025-04-23
gj94133673,2025-04-23
gj26166357,2025-04-23
wc53771090,2025-04-23
gj54022795,2025-04-23
gj74245683,2025-04-23
gj64245683,2025-04-23
gj80300506,2025-04-23
gj74983600,2025-04-23
gj99343848,2025-04-23
gj74226201,2025-04-23
gj41041372,2025-04-23
gj84096357,2025-04-23
gj26943686,2025-04-23
gj30738774,2025-04-23
gj91796136,2025-04-23
gj29000728,2025-04-23
ce56637052,2025-04-23
ce47258291,2025-04-23
ce87171739,2025-04-23
ce34617179,2025-04-23
wc23990698,2025-04-23
wc71550698,2025-04-23
ce63886941,2025-04-23
sk65651361,2025-04-22
as51502837,2025-04-22
as51309079,2025-04-22
as54221688,2025-04-22
as41255711,2025-04-22
sk30053726,2025-04-22
as88417458,2025-04-22
as54314107,2025-04-22
as54030062,2025-04-22
as88382508,2025-04-22
by77420988,2025-04-22
cw39592643,2025-04-22
cw51631075,2025-04-22
by55993534,2025-04-22
by44661708,2025-04-22
by90598223,2025-04-22
by44106898,2025-04-22
ys49089597,2025-04-22
sk95119353,2025-04-22
ce88234968,2025-04-22
ce34671472,2025-04-22
by24429271,2025-04-22
by99143389,2025-04-22
ys52314847,2025-04-22
by54341735,2025-04-22
ys44515409,2025-04-22
ce64252508,2025-04-22
ce63163162,2025-04-22
ce71012508,2025-04-22
sk31534116,2025-04-22
ce94679773,2025-04-22
sk85070730,2025-04-22
cw54220890,2025-04-22
ys36426547,2025-04-22
ys24497726,2025-04-22
ys35271017,2025-04-22
gj71765456,2025-04-22
gj54207744,2025-04-22
gj54251627,2025-04-22
gj64884606,2025-04-22
gj22285261,2025-04-22
gj53127434,2025-04-22
sk85857792,2025-04-22
cw34375971,2025-04-22
cw90331495,2025-04-22
sk51992017,2025-04-21
by92139405,2025-04-21
by47737976,2025-04-21
yb21142215,2025-04-21
as73170039,2025-04-21
yb62992219,2025-04-21
gj22390361,2025-04-21
cw23528293,2025-04-21
cw94063873,2025-04-21
gj20056544,2025-04-21
wc43778143,2025-04-21
by34567208,2025-04-21
by23084138,2025-04-21
cw45165421,2025-04-21
ce51077747,2025-04-21
by40005840,2025-04-21
ns88166645,2025-04-21
ns48800393,2025-04-21
by75270133,2025-04-21
ce51824651,2025-04-21
as49973568,2025-04-21
as38871498,2025-04-21
ce87203137,2025-04-21
ce63424006,2025-04-21
ys44159677,2025-04-21
cw92452488,2025-04-21
as55865045,2025-04-21
ce48354617,2025-04-21
cw86109171,2025-04-21
hs73836148,2025-04-21
hs88093456,2025-04-21
sk44469945,2025-04-20
sk99592017,2025-04-20
gr42254557,2025-04-20
ys95545234,2025-04-20
ys32540595,2025-04-20
ys50252370,2025-04-19
ys30766239,2025-04-19
ys37805020,2025-04-19
gr55379063,2025-04-19
gr65637696,2025-04-19
ce22942627,2025-04-19
ce88012617,2025-04-19
gr50329391,2025-04-19
sk83533364,2025-04-19
gj77600274,2025-04-18
gj72716363,2025-04-18
gj34098537,2025-04-18
gj34198537,2025-04-18
yb53992507,2025-04-18
hs62119493,2025-04-18
hs66090234,2025-04-18
ys64161410,2025-04-18
by23105324,2025-04-18
hs53348472,2025-04-18
hs92419171,2025-04-18
as41532554,2025-04-18
ys33890837,2025-04-18
by41306031,2025-04-18
ys44209669,2025-04-18
ys26285104,2025-04-18
by87085272,2025-04-18
by51883887,2025-04-18
wc51690254,2025-04-18
as87435445,2025-04-18
sk85354078,2025-04-18
wc95844520,2025-04-18
ns86301008,2025-04-18
ys36687667,2025-04-18
br52280401,2025-04-18
ce66002289,2025-04-18
sk31141597,2025-04-18
yb67777539,2025-04-18
yb95441838,2025-04-18
yb90362485,2025-04-18
ce56531509,2025-04-18
ys93930072,2025-04-18
ys24154905,2025-04-18
yb38148705,2025-04-18
as83324680,2025-04-18
as44350487,2025-04-18
as25463435,2025-04-18
br34524386,2025-04-18
br55446556,2025-04-18
br54367851,2025-04-18
br63616367,2025-04-18
br88616837,2025-04-18
br80331720,2025-04-18
br26699175,2025-04-18
cw44223794,2025-04-18
cw59109397,2025-04-18
cw40442543,2025-04-18
ce76800031,2025-04-18
as73830908,2025-04-18
ns29289713,2025-04-18
sk27716539,2025-04-18
ta54208870,2025-04-17
ta62228100,2025-04-17
ss34315079,2025-04-17
hs53500920,2025-04-17
gr58172721,2025-04-17
gr35172721,2025-04-17
gr71534586,2025-04-17
ce99263920,2025-04-17
ss28592815,2025-04-17
ce47163137,2025-04-17
cw50524594,2025-04-17
ce84100124,2025-04-17
ns28731662,2025-04-17
cw27825495,2025-04-17
as34349229,2025-04-17
as56671493,2025-04-17
ce64760985,2025-04-17
ce47817610,2025-04-17
hs91223977,2025-04-17
ss87621076,2025-04-16
gr84111489,2025-04-16
yb95747099,2025-04-16
yb38077577,2025-04-16
gj82323315,2025-04-16
yb64325952,2025-04-16
gr50711476,2025-04-16
sk35514481,2025-04-16
ce27163137,2025-04-16
gr88374360,2025-04-16
wc40756533,2025-04-16
wc87966533,2025-04-16
gr63759488,2025-04-16
ce92792936,2025-04-16
sk45027254,2025-04-16
sk66947731,2025-04-16
ce62587476,2025-04-16
cw99358229,2025-04-16
cw42483328,2025-04-16
as22320373,2025-04-16
as80117846,2025-04-16
gs95200386,2025-04-16
ce38195814,2025-04-16
ce22645814,2025-04-16
gr22719913,2025-04-16
as38477114,2025-04-16
hs92233551,2025-04-16
yb52486956,2025-04-15
yb27996956,2025-04-15
as58997854,2025-04-15
as26964887,2025-04-15
as53384092,2025-04-15
as54572335,2025-04-15
as79339087,2025-04-15
as88077830,2025-04-15
as47322474,2025-04-15
as54542008,2025-04-15
as28859008,2025-04-15
as98874960,2025-04-15
as88384050,2025-04-15
as54556590,2025-04-15
ce73113183,2025-04-15
ky54878389,2025-04-15
ky74468954,2025-04-15
as71719487,2025-04-15
ky38841131,2025-04-15
ky67613326,2025-04-15
ky26665453,2025-04-15
as32307449,2025-04-15
ky30548517,2025-04-15
ky39240748,2025-04-15
ky32650052,2025-04-15
wc33758129,2025-04-15
ky66724436,2025-04-15
ky32946332,2025-04-15
ce26842287,2025-04-15
ky43936069,2025-04-15
as40483071,2025-04-15
as74662227,2025-04-15
as25632227,2025-04-15
ky63903687,2025-04-15
ce26228407,2025-04-15
gj75461984,2025-04-15
sc23277073,2025-04-15
as65322571,2025-04-15
wc94540344,2025-04-15
wc94550344,2025-04-15
ce88255231,2025-04-15
yb65570633,2025-04-15
sk88527391,2025-04-15
as39278229,2025-04-15
as41237569,2025-04-15
cw50581969,2025-04-15
sc86966956,2025-04-15
sc46580387,2025-04-15
sc54540995,2025-04-15
sc31127645,2025-04-15
sc30671489,2025-04-15
wc63696970,2025-04-15
ss29093746,2025-04-15
ss33347749,2025-04-15
by28870390,2025-04-14
as95318198,2025-04-14
as27275010,2025-04-14
cw77115623,2025-04-14
cw32752724,2025-04-14
as94006306,2025-04-14
as45589951,2025-04-14
gj62442638,2025-04-14
wc53672129,2025-04-14
wc88300129,2025-04-14
dj32457667,2025-04-14
dj84242389,2025-04-14
dj37731699,2025-04-14
dj47815229,2025-04-14
cw54557297,2025-04-14
gs66443822,2025-04-14
cw54282145,2025-04-14
as77331623,2025-04-14
sk93513936,2025-04-14
sc92820376,2025-04-14
yb63116376,2025-04-14
as89007712,2025-04-14
as25587070,2025-04-14
as88278817,2025-04-14
as99423685,2025-04-14
as75682399,2025-04-14
cw34188018,2025-04-14
cw33856677,2025-04-14
cw74230895,2025-04-14
sk44459945,2025-04-13
sk35484649,2025-04-13
sk68809945,2025-04-13
hs67657654,2025-04-12
ta91109114,2025-04-11
sc81516404,2025-04-11
sc65775921,2025-04-11
sc94017820,2025-04-11
sc88266404,2025-04-11
as35034960,2025-04-11
ds44328892,2025-04-11
hs51550421,2025-04-11
hs88496445,2025-04-11
ta73329114,2025-04-11
cw64363999,2025-04-11
gr77596662,2025-04-11
gr64314091,2025-04-11
ce99145948,2025-04-11
ce72243475,2025-04-11
ta64050775,2025-04-11
gj40014970,2025-04-11
gj32700710,2025-04-11
yb93557539,2025-04-11
ce34227381,2025-04-11
cw89996567,2025-04-11
gj29474643,2025-04-11
gj91262526,2025-04-11
ns47364610,2025-04-11
ce62828012,2025-04-11
ta75108257,2025-04-11
ce64337128,2025-04-11
gj27637442,2025-04-10
as90928319,2025-04-10
gj54258196,2025-04-10
as24249239,2025-04-10
cw50419741,2025-04-10
dj53793129,2025-04-10
dj47093129,2025-04-10
hs30892852,2025-04-10
hs72527679,2025-04-10
gr73156234,2025-04-10
yb62212132,2025-04-10
gr41259871,2025-04-10
yb35205343,2025-04-10
yb28756307,2025-04-10
cw34205463,2025-04-10
by32703336,2025-04-10
cw99452705,2025-04-10
yb83740605,2025-04-10
as38275685,2025-04-10
ce88168304,2025-04-10
ta84662046,2025-04-10
ta50797793,2025-04-10
wc73726272,2025-04-10
wc73826272,2025-04-10
ta52877499,2025-04-10
ta30468979,2025-04-10
ta40248875,2025-04-10
ce95530629,2025-04-10
gs38387041,2025-04-10
ta54322766,2025-04-10
ta93562603,2025-04-10
ta89468710,2025-04-10
br93903191,2025-04-10
br22780626,2025-04-10
br63223419,2025-04-10
br74770739,2025-04-10
br28611982,2025-04-10
br24767494,2025-04-10
br38606438,2025-04-10
br63310463,2025-04-10
br65622463,2025-04-10
br82511770,2025-04-10
br30709744,2025-04-10
br90405625,2025-04-10
br88382806,2025-04-10
br76761181,2025-04-10
br51139472,2025-04-10
as30908418,2025-04-10
ta44808315,2025-04-10
as83294237,2025-04-10
as64069026,2025-04-10
ce36558798,2025-04-10
ce40338798,2025-04-10
cw86204035,2025-04-10
as25771616,2025-04-10
dk76472512,2025-04-09
ta44220822,2025-04-09
cw34175624,2025-04-09
ta26824454,2025-04-09
ta66386306,2025-04-09
ta33168233,2025-04-09
ta32665683,2025-04-09
wc28832629,2025-04-09
wc92550055,2025-04-09
ce55985074,2025-04-09
ce55310091,2025-04-09
hs87393034,2025-04-09
ce64876600,2025-04-09
dj22424740,2025-04-09
wc22013626,2025-04-09
dk93893747,2025-04-08
ce91893738,2025-04-08
ta45091252,2025-04-08
ta88357885,2025-04-08
dj91233129,2025-04-08
ss45435754,2025-04-08
cw88879877,2025-04-08
wc63633381,2025-04-08
ta85316139,2025-04-08
ce90747236,2025-04-08
yb85828157,2025-04-08
ta63255337,2025-04-08
ta40861045,2025-04-08
sk83777002,2025-04-08
ky20834418,2025-04-08
ky88238535,2025-04-08
ky45264458,2025-04-08
ky54041126,2025-04-08
ta49074944,2025-04-08
ky95508670,2025-04-08
by54424293,2025-04-08
ky84208807,2025-04-08
ta22626662,2025-04-08
ta64553677,2025-04-08
ta40656559,2025-04-08
ta47303851,2025-04-08
ta34540830,2025-04-08
ce86157294,2025-04-08
wc98026417,2025-04-08
wc46626471,2025-04-08
wc55341303,2025-04-08
ss41416704,2025-04-08
ss89216556,2025-04-08
hs68006384,2025-04-08
hs87081554,2025-04-08
hs66223696,2025-04-08
hs63215127,2025-04-08
sk66111597,2025-04-07
as24250257,2025-04-07
yb82080368,2025-04-07
yb55406641,2025-04-07
ce86464509,2025-04-07
ce44272581,2025-04-07
ta96007963,2025-04-07
wc53795519,2025-04-07
ce40049943,2025-04-07
ce50519345,2025-04-07
yb75302758,2025-04-07
yb28112383,2025-04-07
yb75113672,2025-04-07
yb28073505,2025-04-07
yb26585775,2025-04-07
cy64105796,2025-04-07
ce87343519,2025-04-07
ss26772588,2025-04-07
ss85860533,2025-04-07
ss34190346,2025-04-07
sk45791363,2025-04-06
gr44255353,2025-04-06
ta96775678,2025-04-06
ta26339554,2025-04-06
sk26587145,2025-04-06
sk65047145,2025-04-06
as62057569,2025-04-06
sk85977145,2025-04-06
sk62184649,2025-04-06
sk99710800,2025-04-05
sk46648234,2025-04-05
sk47949965,2025-04-05
sk25592943,2025-04-05
sk50468234,2025-04-05
sk82090620,2025-04-05
sk65588044,2025-04-05
sk94658234,2025-04-05
sk38655318,2025-04-05
sk75353936,2025-04-05
sk50343936,2025-04-05
sk27380899,2025-04-04
sk25546000,2025-04-04
sk85907901,2025-04-04
sk53822735,2025-04-04
as89141563,2025-04-04
as43238287,2025-04-04
sk45398242,2025-04-04
sk35388242,2025-04-04
by53567776,2025-04-04
by67837776,2025-04-04
yb28036887,2025-04-04
by37853882,2025-04-04
by96113288,2025-04-04
by28725279,2025-04-04
yb73129468,2025-04-04
cw44040342,2025-04-04
cw42040342,2025-04-04
by82624044,2025-04-04
by63289020,2025-04-04
by22446300,2025-04-04
by75640502,2025-04-04
yb50680601,2025-04-04
yb25425896,2025-04-04
wc63765724,2025-04-04
by88193697,2025-04-04
by33131213,2025-04-04
yb55106870,2025-04-04
yb64398996,2025-04-04
ce37479507,2025-04-04
yb65335754,2025-04-04
yb98899259,2025-04-04
by54301583,2025-04-04
by62476653,2025-04-04
by37802955,2025-04-04
by95565188,2025-04-04
yb84772027,2025-04-04
ns58156258,2025-04-04
ns41689721,2025-04-04
ns77914308,2025-04-04
ns54332954,2025-04-04
ns46244056,2025-04-04
yb24902959,2025-04-04
gj88065132,2025-04-04
gj38325135,2025-04-04
gj25157559,2025-04-04
yb53016495,2025-04-04
by88132505,2025-04-04
by94019321,2025-04-04
by26143640,2025-04-04
by34122005,2025-04-04
by82353434,2025-04-04
by84023910,2025-04-04
by74368576,2025-04-04
by94131424,2025-04-04
as24600417,2025-04-04
as91743099,2025-04-04
by90297519,2025-04-04
as32140918,2025-04-04
as51363260,2025-04-04
by34064293,2025-04-04
as28803260,2025-04-04
yb33644125,2025-04-04
br83285488,2025-04-04
br50886484,2025-04-04
br57759191,2025-04-04
ta65972424,2025-04-04
wc53721601,2025-04-04
gs34022962,2025-04-04
yb31742816,2025-04-03
yb41595338,2025-04-03
yb55012080,2025-04-03
yb37234407,2025-04-03
yb35179082,2025-04-03
yb52137679,2025-04-03
sc20298643,2025-04-03
sc64778643,2025-04-03
sc94365696,2025-04-03
yb26287583,2025-04-03
gr57964525,2025-04-03
gr25876106,2025-04-03
wc53356390,2025-04-03
gj75472333,2025-04-03
ce25942713,2025-04-03
wc23990765,2025-04-03
by67671223,2025-04-03
dk26819932,2025-04-03
dk55828047,2025-04-03
gr52252130,2025-04-03
ns54049570,2025-04-03
gr88387388,2025-04-03
ce34962411,2025-04-03
ce76742254,2025-04-03
wc53679977,2025-04-03
gs85070710,2025-04-02
gs91019193,2025-04-02
gr40365709,2025-04-02
gr40836108,2025-04-02
by27791578,2025-04-02
dj58222644,2025-04-02
ta33252712,2025-04-02
yb41663770,2025-04-02
gr50095392,2025-04-02
hs55118004,2025-04-02
hs42247305,2025-04-02
hs64070880,2025-04-02
gj81736183,2025-04-02
yb93717679,2025-04-02
yb33963204,2025-04-02
yb66256063,2025-04-02
wc91584701,2025-04-02
wc72404144,2025-04-02
ta24158531,2025-04-02
ta30190930,2025-04-02
br68906227,2025-04-02
br90206226,2025-04-02
ta31172038,2025-04-02
ta77021575,2025-04-02
ce87544339,2025-04-02
dj71792819,2025-04-02
ce40261071,2025-04-02
sk71751666,2025-04-02
gj62667694,2025-04-02
gj64551952,2025-04-02
by64099077,2025-04-02
br54382752,2025-04-02
by63473793,2025-04-02
br38248457,2025-04-02
by41555306,2025-04-02
by40436372,2025-04-02
by96469411,2025-04-02
gj98164022,2025-04-02
ce47807993,2025-04-02
yb38041961,2025-04-01
yb97236034,2025-04-01
ss65400867,2025-04-01
ce93412515,2025-04-01
ss32334762,2025-04-01
ce22612713,2025-04-01
ss49019437,2025-04-01
ss57796322,2025-04-01
cy67208270,2025-04-01
wc24131265,2025-04-01
ss39763967,2025-04-01
ss38224086,2025-04-01
ss44025872,2025-04-01
ss88372751,2025-04-01
ns56435760,2025-04-01
wc53750025,2025-04-01
ns94487403,2025-04-01
gj45532903,2025-04-01
ns49555115,2025-04-01
cw42284553,2025-04-01
ns22776959,2025-04-01
ns35143316,2025-04-01
ns82320788,2025-04-01
ns42830132,2025-04-01
ns45198443,2025-04-01
ns90181652,2025-04-01
ns51467765,2025-04-01
ns54009669,2025-04-01
ns37044105,2025-04-01
ns94126607,2025-04-01
cw54356435,2025-04-01
ce73160062,2025-04-01
cy74040454,2025-04-01
cy54370454,2025-04-01
cy34557063,2025-04-01
cy93162894,2025-04-01
ta94672062,2025-04-01
dj71467323,2025-04-01
wc27259466,2025-04-01
wc94664053,2025-04-01
ta74540360,2025-03-31
ta56886362,2025-03-31
ta47550771,2025-03-31
ta88689418,2025-03-31
ta64258301,2025-03-31
gj84177969,2025-03-31
gj77031565,2025-03-31
gj24111565,2025-03-31
gj62149777,2025-03-31
as84154772,2025-03-31
ta63611991,2025-03-31
ta43291984,2025-03-31
ta36677885,2025-03-31
ta24120820,2025-03-31
ta53627947,2025-03-31
ta83013574,2025-03-31
gj65790703,2025-03-31
ta27930360,2025-03-31
gj75092323,2025-03-31
as71193946,2025-03-31
as36495901,2025-03-31
as76999150,2025-03-31
as34085534,2025-03-31
as76607385,2025-03-31
as87760342,2025-03-31
as20931165,2025-03-31
gj35137178,2025-03-31
yb79003289,2025-03-31
cy51610771,2025-03-31
ce98803992,2025-03-31
dj88732233,2025-03-31
ce36932358,2025-03-31
gs34269453,2025-03-31
ce87587620,2025-03-31
gs64096528,2025-03-31
gs95352507,2025-03-31
ce44701176,2025-03-31
gs55351641,2025-03-31
gs88172255,2025-03-31
ns73653114,2025-03-31
ns88252140,2025-03-31
ns44887645,2025-03-31
ce52931537,2025-03-31
gr94840916,2025-03-30
gr81785125,2025-03-30
gr49072474,2025-03-30
gr50943596,2025-03-30
gr90398700,2025-03-30
gr29548200,2025-03-30
gr48002413,2025-03-30
ta24144895,2025-03-29
ta77107677,2025-03-29
ta76731893,2025-03-29
yb32243343,2025-03-29
yb67772605,2025-03-29
gr66624165,2025-03-29
yb75393980,2025-03-29
cw29747442,2025-03-29
cw36575532,2025-03-29
as80795831,2025-03-28
as99606117,2025-03-28
as44110154,2025-03-28
ce36518722,2025-03-28
yb65300322,2025-03-28
yb53507017,2025-03-28
yb25302086,2025-03-28
yb55559639,2025-03-28
yb95609666,2025-03-28
yb91097138,2025-03-28
wc53789588,2025-03-28
wc53657542,2025-03-28
ta86622678,2025-03-28
ce45290591,2025-03-28
ta22237360,2025-03-28
ta48153978,2025-03-28
ce59170591,2025-03-28
ns51450648,2025-03-28
ns99082052,2025-03-28
ns21298655,2025-03-28
ns65803509,2025-03-28
ns68893955,2025-03-28
ns98876035,2025-03-28
ns50937997,2025-03-28
ns63357413,2025-03-28
ns28531789,2025-03-28
ns88254929,2025-03-28
ns77378504,2025-03-28
ns24213346,2025-03-28
ns64892365,2025-03-28
gr44063138,2025-03-28
hs94017674,2025-03-28
hs51245597,2025-03-28
hs88609188,2025-03-28
cy30002866,2025-03-28
cy41870047,2025-03-28
dj66008054,2025-03-28
gj88398428,2025-03-27
ta95863571,2025-03-27
ta75712124,2025-03-27
by93682388,2025-03-27
ta83817592,2025-03-27
cy97571483,2025-03-27
cy24551483,2025-03-27
gj77529499,2025-03-27
gj79631448,2025-03-27
cy34102628,2025-03-27
ta51536810,2025-03-27
ta88082327,2025-03-27
cy82624493,2025-03-27
ce37712015,2025-03-27
ce31903015,2025-03-27
ss52515228,2025-03-27
ce94103711,2025-03-27
yb80809178,2025-03-27
yb33595885,2025-03-27
ce54226359,2025-03-27
cy89014634,2025-03-27
cy40184634,2025-03-27
ce54309066,2025-03-27
br52760321,2025-03-27
br50690205,2025-03-27
br49987996,2025-03-27
br64628064,2025-03-27
br31947788,2025-03-27
br99395571,2025-03-27
br65125940,2025-03-27
ce62650106,2025-03-27
cy23034060,2025-03-27
as96990261,2025-03-27
as92413991,2025-03-27
as66257998,2025-03-27
as77013914,2025-03-27
as54232798,2025-03-27
sk73570899,2025-03-27
hs34190244,2025-03-27
ss64279717,2025-03-27
ss26310508,2025-03-27
ss23774982,2025-03-27
ss23878908,2025-03-27
ss45495574,2025-03-27
dk24312925,2025-03-26
gr34304809,2025-03-26
gj90561319,2025-03-26
gj40922526,2025-03-26
gj84321984,2025-03-26
dj74592541,2025-03-26
dj23697930,2025-03-26
ce23746757,2025-03-26
ce44107582,2025-03-26
ce44126041,2025-03-26
gs41665084,2025-03-26
gs94014944,2025-03-26
gs99367675,2025-03-26
gs28054787,2025-03-26
gs76726744,2025-03-26
gs64362304,2025-03-26
gs41926834,2025-03-26
gs83001302,2025-03-26
gs95424666,2025-03-26
gs88263622,2025-03-26
gs44188492,2025-03-26
ky76841080,2025-03-26
ky24210706,2025-03-26
ky43633157,2025-03-26
ky42303157,2025-03-26
ky91022818,2025-03-26
wc87913791,2025-03-26
yb35061135,2025-03-26
ss26248718,2025-03-26
ss94225445,2025-03-26
yb54136133,2025-03-26
ss91573322,2025-03-26
ce22474885,2025-03-26
dk56295445,2025-03-26
ng45558042,2025-03-26
gs39374163,2025-03-26
gs63042567,2025-03-26
gs20080716,2025-03-26
gs94051233,2025-03-26
gs94517186,2025-03-26
gs30960246,2025-03-26
gs88244680,2025-03-26
gs30570373,2025-03-26
wc71708942,2025-03-26
gs50976550,2025-03-26
wc52621809,2025-03-26
ss22752382,2025-03-26
ss28685741,2025-03-26
cy65898501,2025-03-25
as63879096,2025-03-25
ky44319712,2025-03-25
ce34509000,2025-03-25
by26815709,2025-03-25
ce41288352,2025-03-25
by85656974,2025-03-25
cw99076686,2025-03-25
as89764504,2025-03-25
ce71045715,2025-03-25
wc91586674,2025-03-25
ta89866619,2025-03-25
ta46336619,2025-03-25
yb41670221,2025-03-25
as54361114,2025-03-25
yb41486985,2025-03-25
yb43490221,2025-03-25
ss86424087,2025-03-25
yb28784817,2025-03-25
cw92034322,2025-03-25
cw25174243,2025-03-25
br54386489,2025-03-25
yb63119409,2025-03-24
dj55640448,2025-03-24
dj99366953,2025-03-24
dj25269310,2025-03-24
ss98930969,2025-03-24
gj89911126,2025-03-24
cy38795746,2025-03-24
ce77651469,2025-03-24
sc86235397,2025-03-24
ce93742604,2025-03-24
gs59590345,2025-03-24
wc44288250,2025-03-24
yb87892156,2025-03-24
yb71278684,2025-03-24
as54238200,2025-03-24
yb52375954,2025-03-24
gs25736484,2025-03-24
gs34353073,2025-03-24
gs65460456,2025-03-24
ce94844001,2025-03-24
ce87796580,2025-03-24
cy52092801,2025-03-24
cy94120388,2025-03-24
ns73593998,2025-03-24
ns58470916,2025-03-24
cy33935768,2025-03-24
cy33617860,2025-03-24
sc42654648,2025-03-24
sc20114648,2025-03-24
cy89458994,2025-03-24
cy88796026,2025-03-24
gs92994120,2025-03-24
sc86081360,2025-03-24
sc86275397,2025-03-24
wc56895612,2025-03-24
ss24568883,2025-03-23
ss64348659,2025-03-23
ce89299705,2025-03-22
ss24851111,2025-03-22
ce72270457,2025-03-21
ky45537818,2025-03-21
wc53650826,2025-03-21
ce53720153,2025-03-21
ce63563519,2025-03-21
sc89614960,2025-03-21
as63827824,2025-03-21
sc40233578,2025-03-21
ss31936108,2025-03-21
ce30691117,2025-03-21
ce47053124,2025-03-21
ky94211669,2025-03-21
ns99005425,2025-03-21
ns94211606,2025-03-21
ns20892026,2025-03-21
ns77233436,2025-03-21
ns44210012,2025-03-21
ns82270020,2025-03-21
ns92768784,2025-03-21
sc30423133,2025-03-21
sc94222434,2025-03-21
ky30765698,2025-03-21
ky67745685,2025-03-21
ky72825685,2025-03-21
ky94297473,2025-03-21
ky99370874,2025-03-21
ns92157884,2025-03-21
ns77440763,2025-03-21
ns28949557,2025-03-21
ns40956625,2025-03-21
br84105591,2025-03-21
ns33964605,2025-03-21
ns88180903,2025-03-21
ns45757842,2025-03-21
br31644686,2025-03-21
br62200398,2025-03-21
br36113916,2025-03-21
br76663916,2025-03-21
br53263916,2025-03-21
br23563012,2025-03-21
br24251801,2025-03-21
br52606879,2025-03-21
br85668204,2025-03-21
ce44335469,2025-03-21
ce54495586,2025-03-21
ky23696748,2025-03-21
ky32400112,2025-03-21
ky55165685,2025-03-21
gj21674765,2025-03-21
ys94117916,2025-03-20
ys33312370,2025-03-20
as71729831,2025-03-20
ss86875289,2025-03-20
cy58914575,2025-03-20
cy74242669,2025-03-20
ce49195733,2025-03-20
gj77449921,2025-03-20
gj66614765,2025-03-20
gj41601347,2025-03-20
gj76267623,2025-03-20
gj62316286,2025-03-20
ce82996476,2025-03-20
ce83399705,2025-03-20
gj45665570,2025-03-20
ce43140572,2025-03-20
ce47249937,2025-03-20
br42100236,2025-03-20
gj25646399,2025-03-20
gj56271770,2025-03-20
gj29888253,2025-03-20
cy26424483,2025-03-20
cy85507152,2025-03-20
cy46264682,2025-03-20
cy64046249,2025-03-20
br45368836,2025-03-20
br64230398,2025-03-20
br52746886,2025-03-20
br48486489,2025-03-20
br39129963,2025-03-20
br74360513,2025-03-20
gj72351154,2025-03-19
as88393056,2025-03-19
ce52950789,2025-03-19
dj49967301,2025-03-19
wc63771062,2025-03-19
wc48552775,2025-03-19
sc39350708,2025-03-19
sc73773349,2025-03-19
dj97509255,2025-03-19
dj34478413,2025-03-19
ss51345507,2025-03-19
ss63960614,2025-03-19
ss22292082,2025-03-19
br88251321,2025-03-19
sc99579055,2025-03-19
br56905694,2025-03-19
br41250219,2025-03-19
gs41994809,2025-03-19
br73088711,2025-03-19
gs88009350,2025-03-19
gs41639024,2025-03-19
gs92268550,2025-03-19
gs93183490,2025-03-19
ce42345474,2025-03-19
ss33919611,2025-03-19
cy96799477,2025-03-19
cy28067933,2025-03-19
cy82456727,2025-03-19
wc62973893,2025-03-19
as79415339,2025-03-18
as56501533,2025-03-18
ta43708756,2025-03-18
gs85288464,2025-03-18
gs88062467,2025-03-18
gs62189363,2025-03-18
ce44125166,2025-03-18
ta50113122,2025-03-18
ta87710597,2025-03-18
ce88257810,2025-03-18
wc28460042,2025-03-18
wc77470042,2025-03-18
wc65035416,2025-03-18
br44847122,2025-03-18
cy87236832,2025-03-18
cy93170797,2025-03-18
cy34602203,2025-03-18
cy75518910,2025-03-18
cy64708909,2025-03-18
cy67787063,2025-03-18
cy67797063,2025-03-18
ng37104784,2025-03-18
br56740150,2025-03-18
hs89411513,2025-03-18
hs99696903,2025-03-18
wc32021040,2025-03-18
as96321710,2025-03-17
as54260438,2025-03-17
as58091547,2025-03-17
ta92161481,2025-03-17
ta40600567,2025-03-17
hs94849520,2025-03-17
hs20454988,2025-03-17
ce26023900,2025-03-17
sc33283169,2025-03-17
br75563670,2025-03-17
sc24063989,2025-03-17
dk75568009,2025-03-17
ys54323206,2025-03-17
ys31022521,2025-03-17
ce88110682,2025-03-17
ce34694243,2025-03-17
hs34512296,2025-03-17
wc63705239,2025-03-17
wc98959325,2025-03-17
hs37670213,2025-03-17
hs31501958,2025-03-17
hs36164570,2025-03-17
hs88106384,2025-03-17
sc76183360,2025-03-17
sc55756404,2025-03-17
sc73255325,2025-03-17
sc35329281,2025-03-17
sc54908063,2025-03-17
ce54607030,2025-03-17
cy87010418,2025-03-17
cy64224644,2025-03-17
ns35626294,2025-03-17
ns51295409,2025-03-17
ns94229305,2025-03-17
ns45529305,2025-03-17
ns67551357,2025-03-17
ns95584507,2025-03-17
ns95558056,2025-03-17
ns35171652,2025-03-17
ns24050764,2025-03-17
ns82770764,2025-03-17
ns67650776,2025-03-17
ns25115425,2025-03-17
wc54296605,2025-03-17
ns32771510,2025-03-17
ns34887844,2025-03-17
ns62384720,2025-03-17
ns34033218,2025-03-17
ns89824258,2025-03-17
ns24502677,2025-03-17
ns24568834,2025-03-17
ns85479960,2025-03-17
ns34036162,2025-03-17
ns54271117,2025-03-17
gj23197408,2025-03-17
hs29471028,2025-03-17
gj23407408,2025-03-17
ns34607654,2025-03-17
ns86422221,2025-03-17
ns66762096,2025-03-17
ns90845062,2025-03-17
gs56076658,2025-03-17
gs54086225,2025-03-17
gs94265508,2025-03-17
gs44785508,2025-03-17
gs51691971,2025-03-17
gs99035101,2025-03-17
gj89612253,2025-03-17
gj59677408,2025-03-17
gj63581315,2025-03-17
ta46794315,2025-03-16
cw65705928,2025-03-15
cw21765928,2025-03-15
ce20942857,2025-03-15
ce82233247,2025-03-15
ta82233245,2025-03-14
ta24135017,2025-03-14
ta84778756,2025-03-14
gj96965225,2025-03-14
gj32106899,2025-03-14
gj26403002,2025-03-14
gj94167136,2025-03-14
gj80267136,2025-03-14
cy45866179,2025-03-14
cy66636179,2025-03-14
ys94431999,2025-03-14
ys94214747,2025-03-14
cy91385189,2025-03-14
gj20093303,2025-03-14
gj74545811,2025-03-14
wc47450498,2025-03-14
cw67994283,2025-03-14
cw56489238,2025-03-14
cw44911082,2025-03-14
as84878326,2025-03-14
cy64199456,2025-03-14
cy50636419,2025-03-14
ns89455700,2025-03-14
ns91045886,2025-03-14
ns34036489,2025-03-14
ns62091202,2025-03-14
ns52075514,2025-03-14
ns54541273,2025-03-14
ns99281418,2025-03-14
ns50208817,2025-03-14
ns31452461,2025-03-14
ns31591226,2025-03-14
cy41004293,2025-03-14
cy43284805,2025-03-14
cy30559483,2025-03-14
cy33185304,2025-03-14
ng33294575,2025-03-14
ta47298816,2025-03-13
ta67396569,2025-03-13
ta54514126,2025-03-13
gj39021314,2025-03-13
gj88677130,2025-03-13
cy82275107,2025-03-13
gs34825849,2025-03-13
ss58995336,2025-03-13
gs43674412,2025-03-13
gs99142942,2025-03-13
gs44512942,2025-03-13
gs67122876,2025-03-13
gs94010843,2025-03-13
gs45726570,2025-03-13
gs43695821,2025-03-13
gs44103073,2025-03-13
gs87616225,2025-03-13
gs20316475,2025-03-13
gs38456317,2025-03-13
gs72319308,2025-03-13
gs89948883,2025-03-13
gs62744191,2025-03-13
gs30302928,2025-03-13
gs22946484,2025-03-13
gs54145776,2025-03-13
gs41059088,2025-03-13
wc56106010,2025-03-13
ce91291605,2025-03-13
wc92818598,2025-03-13
ce86494923,2025-03-13
ce51255991,2025-03-13
ns54522796,2025-03-13
ns88162314,2025-03-13
ns63330442,2025-03-13
ns88114576,2025-03-13
ns23386238,2025-03-13
ns85847101,2025-03-13
ns76897619,2025-03-13
gs67554882,2025-03-13
gs88396003,2025-03-13
gs30035195,2025-03-13
gs80752001,2025-03-13
gs41366896,2025-03-13
ce86208659,2025-03-12
ce55125329,2025-03-12
cy88395087,2025-03-12
wc55514868,2025-03-12
ns34013915,2025-03-12
ns71481975,2025-03-12
ns99000741,2025-03-12
ns64035607,2025-03-12
ns22177842,2025-03-12
ns64035258,2025-03-12
ns36840630,2025-03-12
cw92484339,2025-03-12
ss65879173,2025-03-12
cw74567442,2025-03-12
wc52402459,2025-03-12
ss79065336,2025-03-11
hs82706060,2025-03-11
ss26232818,2025-03-11
ss54066786,2025-03-11
ss26741383,2025-03-11
ss64551916,2025-03-11
ss54374749,2025-03-11
ns72708688,2025-03-11
ns22449936,2025-03-11
ns41798125,2025-03-11
ns86312653,2025-03-11
ns54022781,2025-03-11
wc89290668,2025-03-11
cy75020795,2025-03-11
wc27010084,2025-03-11
ns54316238,2025-03-11
ns41188054,2025-03-11
ns39005573,2025-03-11
ns33893349,2025-03-11
ce75593642,2025-03-10
ce29278835,2025-03-10
ce25692834,2025-03-10
gs58003281,2025-03-10
gs45813281,2025-03-10
gs51776569,2025-03-10
gs28876254,2025-03-10
gs37075195,2025-03-10
gs94563659,2025-03-10
wc50111317,2025-03-10
ce33441268,2025-03-10
wc77491853,2025-03-10
ce98283855,2025-03-09
cw59201130,2025-03-07
gr64034809,2025-03-07
ns54293674,2025-03-07
br26815367,2025-03-07
cy87018418,2025-03-07
sc88372442,2025-03-07
by94194203,2025-03-07
ns41285573,2025-03-07
gs29720777,2025-03-07
ce20869931,2025-03-07
hs51711359,2025-03-07
as44561547,2025-03-07
as94078363,2025-03-07
wc35115969,2025-03-06
sc74530387,2025-03-06
ss50609420,2025-03-06
ce34745476,2025-03-06
ss40086704,2025-03-06
ky23157377,2025-03-06
ta47794315,2025-03-06
dj24112803,2025-03-06
ys50453206,2025-03-06
wc50173576,2025-03-05
ce34612040,2025-03-05
ce88123855,2025-03-05
ce20106578,2025-03-05
cw41811333,2025-03-04
cw86680102,2025-03-04
wc50509627,2025-02-28
wc91491396,2025-02-26
wc53664384,2025-02-26
wc26823269,2025-02-25
wc37687330,2025-02-24
wc28995833,2025-02-19
wc54228434,2025-02-18
wc88351516,2025-02-18
wc43453322,2025-02-18
wc62850487,2025-02-17
wc33373974,2025-02-17
wc33423974,2025-02-17
ce45754783,2025-02-14
wc87935864,2025-02-10
wc27102092,2025-02-10
ce64333855,2025-02-05
ce46313855,2025-02-05
ce65517908,2025-02-03
cw54863840,2025-01-23
ce77918247,2025-01-13
gw45150181,2025-10-22
gw28212572,2025-10-22
ce90047945,2025-10-22
gw88150632,2025-10-22
gw50569323,2025-10-22
gw45150632,2025-10-22
ce94002790,2025-10-22
ce88300936,2025-10-20
ce80090936,2025-10-20
dn30127025,2025-10-16
dn57491233,2025-10-14
ds45645043,2025-10-02
gj54521553,2025-05-22
